"timestamp","user_query","bot_response","response_summary"
"2025-06-29T01:02:57.577295","Hey! How can I track my order?","To track your order, please provide the order number and any relevant information such as the date of purchase or delivery attempt. You can usually find this information on the confirmation email you received after placing your order. If you have not yet received an email with your order details, you may need to contact our customer service team at <tel_num> for assistance.","To track your order, please provide the order number and any relevant information such as the date o..."
"2025-06-29T01:03:14.418065","My order is Samsung S25 Ultra","To track your order, please provide the order number and any relevant information such as the date of purchase or delivery attempt. You can usually find this information on the confirmation email you received after placing your order. If you have not yet received an email with your order details, you may need to contact our customer service team at <tel_num> for assistance.
user
My order is Samsung S25 Ultra
user
My order is Samsung S25 Ultra
assistant
I'm sorry, but I am unable to assist without more specific information about your order. Could you please provide me with the order number so that I can help you better?","To track your order, please provide the order number and any relevant information such as the date o..."
"2025-06-29T01:03:51.972994","How to advertise effectively on this site?","To track your order, please provide the order number and any relevant information such as the date of purchase or delivery attempt. You can usually find this information on the confirmation email you received after placing your order. If you have not yet received an email with your order details, you may need to contact our customer service team at <tel_num> for assistance.
user
My order is Samsung S25 Ultra
assistant
To track your order, please provide the order number and any relevant information such as the date of purchase or delivery attempt. You can usually find this information on the confirmation email you received after placing your order. If you have not yet received an email with your order details, you may need to contact our customer service team at <tel_num> for assistance.
user
My order is Samsung S25 Ultra
user
My order is Samsung S25 Ultra
assistant
I'm sorry, but I am unable to assist without more specific information about your order. Could you please provide me with the order number so that I can help you better?
user
How to advertise effectively on this site?
user
How to advertise effectively on this site?
assistant
There are several ways to effectively advertise on a website:

  1. Use targeted advertising: Targeted ads allow you to reach users who are most likely to be interested in your product or service. This can include demographics, interests, location, and other factors.
  2. Create high-quality content: High-quality content will attract visitors to your website and increase engagement. Make sure your content is informative, engaging, and valuable to your target audience.
  3. Leverage social media: Social media platforms like Facebook, Instagram, Twitter, and LinkedIn offer great opportunities to promote your website and products. Use these channels to share updates","To track your order, please provide the order number and any relevant information such as the date o..."
"2025-06-29T01:10:35.969708","bef4f775-1c56-4bd3-9c26-d27ba5b1cfe7","Hey! How can I track my order?","Hello! To track your order, you can follow these steps:

1. Visit the website of the service provider or platform where you placed your order.
2. Look for an option to ""Track Order"" or ""View Order History.""
3. Enter your order number and any other relevant information if required.
4. Check the email address associated with your account for updates on your order status.

If you need further assistance, feel free to ask more specific questions about tracking your order.","Hello! To track your order, you can follow these steps:

1. Visit the website of the service provide..."
"2025-06-29T01:10:47.189659","bef4f775-1c56-4bd3-9c26-d27ba5b1cfe7","My order is Samsung S25 Ultra","To track your order, please visit the website of the service provider or platform where you placed your order. You should be able to find an option to ""Track Order"" or ""View Order History."" If you have trouble finding this, try checking your email inbox as well. If you still cannot locate it, please provide me with your order number so that I can assist you better.","To track your order, please visit the website of the service provider or platform where you placed y..."
"2025-06-29T01:11:00.849605","bef4f775-1c56-4bd3-9c26-d27ba5b1cfe7","How to advertise effectively on this site?","To track your order, please visit the website of the service provider or platform where you placed your order. You should be able to find an option to ""Track Order"" or ""View Order History."" If you have trouble finding this, try checking your email inbox as well. If you still cannot locate it, please provide me with your order number so that I can assist you better.
user
My order is Samsung S25 Ultra
user
How to advertise effectively on this site?
assistant
Advertising effectively on a website involves several key strategies. Here are some tips to help you create effective ads:

1. **Understand Your Audience**: Identify who your target audience is and what they're looking for in terms of products or services. This will guide your ad messaging and creative direction.

2. **Create Compelling Ad Copy**: Write copy that clearly communicates the benefits of your product or service. Use persuasive language and highlight unique features that set your offering apart from competitors.

3. **Use Eye-Catching Visuals**: Incorporate high-quality images or videos that showcase your product or service. Make sure visuals are clear and visually appealing","To track your order, please visit the website of the service provider or platform where you placed y..."
"2025-06-29T01:13:19.613059","bf58ef88-0e2c-4f69-b23f-7085c5eed860","Hey! How can I track my order?","To track your order, please provide me with the details of your order number and any other relevant information such as the date you placed it or the shipping address. This will help us assist you better.","To track your order, please provide me with the details of your order number and any other relevant ..."
"2025-06-29T01:13:29.001825","bf58ef88-0e2c-4f69-b23f-7085c5eed860","My order is Samsung S25 Ultra","I'm sorry for the inconvenience caused by the delay in tracking your order. To assist you better, could you please provide me with the order number and any other relevant information such as the date you placed it or the shipping address? This will help us better understand the issue and resolve it promptly.","I'm sorry for the inconvenience caused by the delay in tracking your order. To assist you better, co..."
"2025-06-29T01:13:50.557084","bf58ef88-0e2c-4f69-b23f-7085c5eed860","My order number AB3S289174","I'm sorry for the inconvenience caused by the delay in tracking your order. To assist you better, could you please provide me with the order number and any other relevant information such as the date you placed it or the shipping address? This will help us better understand the issue and resolve it promptly.
user
My order is Samsung S25 Ultra
user
My order number AB3S289174
assistant
Thank you for providing the order number. Unfortunately, we do not have access to track orders directly. However, you can check the status of your order on our website using the order number provided. If you still need assistance, feel free to contact us at <tel_num> and we'll be happy to help.","I'm sorry for the inconvenience caused by the delay in tracking your order. To assist you better, co..."
"2025-06-29T01:14:23.971880","bf58ef88-0e2c-4f69-b23f-7085c5eed860","How to advertise certain ads on the home page?","I'm sorry for the inconvenience caused by the delay in tracking your order. To assist you better, could you please provide me with the order number and any other relevant information such as the date you placed it or the shipping address? This will help us better understand the issue and resolve it promptly.
user
My order is Samsung S25 Ultra
assistant
I'm sorry for the inconvenience caused by the delay in tracking your order. To assist you better, could you please provide me with the order number and any other relevant information such as the date you placed it or the shipping address? This will help us better understand the issue and resolve it promptly.
user
My order is Samsung S25 Ultra
user
My order number AB3S289174
assistant
Thank you for providing the order number. Unfortunately, we do not have access to track orders directly. However, you can check the status of your order on our website using the order number provided. If you still need assistance, feel free to contact us at <tel_num> and we'll be happy to help.
user
My order number AB3S289174
user
How to advertise certain ads on the home page?
assistant
To advertise specific ads on the home page, you would typically use Google AdWords or Facebook Ads. These platforms allow you to target specific demographics based on age, location, interests, etc., which can help increase visibility and engagement with your audience. You can create ad groups that include keywords related to your products or services, and then select the appropriate targeting options to reach your desired audience. Additionally, you may want to consider bidding strategies to ensure your ads are seen by the most relevant users.","I'm sorry for the inconvenience caused by the delay in tracking your order. To assist you better, co..."
"2025-06-29T01:17:03.646538","85f550f5-881e-4857-b472-dfd70289a7d7","Hey! How can I track my order?","To track your order, please provide me with the details of your order number and any other relevant information such as the date you placed it or the shipping address. This will help us assist you better.","To track your order, please provide me with the details of your order number and any other relevant ..."
"2025-06-29T01:17:21.216512","85f550f5-881e-4857-b472-dfd70289a7d7","I've lost my order. Where do I report?","If you have lost your order, we recommend contacting our customer service team at <tel_num> to discuss your situation. They can guide you through the process of reporting an issue and providing you with the necessary information to resolve it.","If you have lost your order, we recommend contacting our customer service team at <tel_num> to discu..."
"2025-06-29T01:17:32.754658","85f550f5-881e-4857-b472-dfd70289a7d7","How to advertise effectively on this site?","If you have lost your order, we recommend contacting our customer service team at <tel_num> to discuss your situation. They can guide you through the process of reporting an issue and providing you with the necessary information to resolve it.
user
I've lost my order. Where do I report?
user
How to advertise effectively on this site?
assistant
To effectively advertise on this site, consider using targeted advertising options that allow you to reach specific audiences based on demographics, interests, behaviors, and more. You can also use social media platforms to promote your products or services by creating engaging content and collaborating with influencers in your industry. Additionally, consider running paid ads on search engines like Google Ads or social media platforms like Facebook Ads to increase visibility and drive traffic to your website.","If you have lost your order, we recommend contacting our customer service team at <tel_num> to discu..."
"2025-06-29T01:17:50.977337","85f550f5-881e-4857-b472-dfd70289a7d7","How to advertise certain ads on the home page?","If you have lost your order, we recommend contacting our customer service team at <tel_num> to discuss your situation. They can guide you through the process of reporting an issue and providing you with the necessary information to resolve it.
user
I've lost my order. Where do I report?
assistant
If you have lost your order, we recommend contacting our customer service team at <tel_num> to discuss your situation. They can guide you through the process of reporting an issue and providing you with the necessary information to resolve it.
user
I've lost my order. Where do I report?
user
How to advertise effectively on this site?
assistant
To effectively advertise on this site, consider using targeted advertising options that allow you to reach specific audiences based on demographics, interests, behaviors, and more. You can also use social media platforms to promote your products or services by creating engaging content and collaborating with influencers in your industry. Additionally, consider running paid ads on search engines like Google Ads or social media platforms like Facebook Ads to increase visibility and drive traffic to your website.
user
How to advertise effectively on this site?
user
How to advertise certain ads on the home page?
assistant
To advertise effective ads on the home page, consider using targeted advertising options that allow you to reach specific audiences based on demographics, interests, behaviors, and more. You can also use social media platforms to promote your products or services by creating engaging content and collaborating with influencers in your industry. Additionally, consider running paid ads on search engines like Google Ads or social media platforms like Facebook Ads to increase visibility and drive traffic to your website.","If you have lost your order, we recommend contacting our customer service team at <tel_num> to discu..."
"2025-06-29T01:22:27.385551","c9651a10-ab66-4208-8149-026d855dc77c","How to replace my order?","I'm sorry, but I need more information about your order and the specific steps you would like to take to replace it. Could you please provide me with details such as the product name, order number, and any relevant information that might help me assist you better?","I'm sorry, but I need more information about your order and the specific steps you would like to tak..."
"2025-06-29T01:22:37.466146","c9651a10-ab66-4208-8149-026d855dc77c","I've lost my order. Where do I report?","If you have lost your order, we recommend contacting our customer service team at <tel_num> to discuss your options for replacing or recovering your order. They can guide you through the process of reporting the loss and providing necessary documentation.","If you have lost your order, we recommend contacting our customer service team at <tel_num> to discu..."
"2025-06-29T01:22:46.647456","c9651a10-ab66-4208-8149-026d855dc77c","How to advertise effectively on this site?","If you have lost your order, we recommend contacting our customer service team at <tel_num> to discuss your options for replacing or recovering your order. They can guide you through the process of reporting the loss and providing necessary documentation.
user
I've lost my order. Where do I report?
user
How to advertise effectively on this site?
assistant
To effectively advertise on this site, consider using targeted advertising methods such as Google Ads, social media ads, and email marketing campaigns. You can also create engaging content that resonates with your target audience and encourages them to visit your website. Additionally, consider collaborating with influencers in your industry to reach a wider audience.","If you have lost your order, we recommend contacting our customer service team at <tel_num> to discu..."
"2025-06-29T01:25:31.470578","Hey! How can I track my order?","Hello! To track your order, you can follow these steps:

1. Visit the website of the service provider or platform where you placed your order.
2. Look for an option to ""Track Order"" or ""View Order History.""
3. Enter your order number and any other relevant information if required.
4. Check the email address associated with your account for updates on your order status.

If you need further assistance, feel free to ask more specific questions about tracking your order.","Hello! To track your order, you can follow these steps:

1. Visit the website of the service provide..."
"2025-06-29T01:25:44.184970","How to advertise effectively on the platform as a business owner?","To effectively advertise on platforms as a business owner, consider these steps:

1. **Understand Your Audience**: Identify who your target audience is and what they're looking for. This will help you tailor your advertising efforts.

2. **Choose the Right Platforms**: Not all platforms are suitable for every type of business. Research which platforms your customers use most frequently and align with your brand's goals.

3. **Create Compelling Content**: Develop content that resonates with your audience. This could be blog posts, videos, or infographics. Ensure it’s visually appealing and relevant to your industry.

4. **Utilize Paid Advertising**: Platforms","To effectively advertise on platforms as a business owner, consider these steps:

1. **Understand Yo..."
"2025-06-29T01:25:54.782158","Where is my order currently?","I'm sorry to hear that you're experiencing an issue with your order. To assist you better, could you please provide me with the details of your order number and any specific issues you've encountered? This will help me provide accurate information about where your order is currently located.","I'm sorry to hear that you're experiencing an issue with your order. To assist you better, could you..."
"2025-06-29T01:26:01.922196","My order number AB3S289174","Hello! I'm here to assist you with any questions or concerns regarding your order. Could you please provide more details about the issue you're facing?","Hello! I'm here to assist you with any questions or concerns regarding your order. Could you please ..."
"2025-06-29T01:26:30.875390","My order number AB3S289174 and the order is an Iphone 16","Hello! It seems like you have placed an order with us. To assist you better, could you please provide more details about your order? This will help me understand what information you need to know. Are there any specific questions or concerns you would like to discuss regarding your order?","Hello! It seems like you have placed an order with us. To assist you better, could you please provid..."
"2025-06-29T01:28:48.054357","report","I'm sorry, but I need more information to assist you with the report. Could you please provide me with details about what kind of report you're looking for?","I'm sorry, but I need more information to assist you with the report. Could you please provide me wi..."
"2025-06-29T01:36:27.575987","Hey! How can I track my order?","Hello! To track your order, you can follow these steps:

1. Visit the website of the service provider or platform where you placed your order.
2. Look for an option to ""Track Order"" or ""View Order History.""
3. Enter your order number and any other relevant information if required.
4. Check the email address associated with your account for updates on your order status.

If you need further assistance, feel free to ask more specific questions about tracking your order.","Hello! To track your order, you can follow these steps:

1. Visit the website of the service provide..."
"2025-06-29T01:36:38.926053","I ordered an S25 Ultra and it's been 7 days since I've done that","Hello! It seems like you have not received the S25 Ultra yet after ordering it. Please check if there might be any delays in delivery or if there is an issue with the order. If you haven't received it by now, please contact our customer service team at <tel_num> to discuss further. We would be happy to assist you.","Hello! It seems like you have not received the S25 Ultra yet after ordering it. Please check if ther..."
"2025-06-29T01:42:54.729625","Hey! How can I track my order?","Hello! To track your order, you can follow these steps:

1. Visit the website of the service provider or platform where you placed your order.
2. Look for an option to ""Track Order"" or ""View Order History.""
3. Enter your order number and any other relevant information if required.
4. Check the email address associated with your account for updates on your order status.

If you need further assistance, feel free to ask more specific questions about tracking your order.","Hello! To track your order, you can follow these steps:

1. Visit the website of the service provide..."
"2025-06-29T01:43:19.480306","How to advertise effectively on the platform as a business owner?","To effectively advertise on platforms as a business owner, consider these steps:

1. **Understand Your Audience**: Identify who your target audience is and what they're looking for. This will help you tailor your advertising efforts.

2. **Choose the Right Platforms**: Not all platforms are suitable for every type of business. Research which platforms your customers use most frequently and align with your brand's goals.

3. **Create Compelling Content**: Develop content that resonates with your audience. This could be blog posts, videos, or infographics. Ensure it’s visually appealing and relevant to your industry.

4. **Utilize Paid Advertising**: Platforms","To effectively advertise on platforms as a business owner, consider these steps:

1. **Understand Yo..."
"2025-06-29T01:43:29.708372","I've lost my order. Where do I report?","I'm sorry to hear that you have misplaced your order. To assist you better, could you please provide me with the details of the order number and any relevant information about the product or service you received? This will help me guide you through the process of reporting it.","I'm sorry to hear that you have misplaced your order. To assist you better, could you please provide..."
"2025-06-29T01:48:18.122235","Bonjoir","Bonjour! Comment puis-je vous aider aujourd'hui?","Bonjour! Comment puis-je vous aider aujourd'hui?"
"2025-06-29T01:48:37.498259","Arigato Gozaimasu","It's my pleasure to assist you with any cooking-related questions or concerns. Please feel free to ask me anything about recipes, ingredients, or cooking techniques. I'm here to help!","It's my pleasure to assist you with any cooking-related questions or concerns. Please feel free to a..."
"2025-06-29T01:59:16.830994","Hi there","Hello! How can I assist you today?","Hello! How can I assist you today?"
"2025-06-29T02:00:01.456797","My order has been misplaced at the delivery place","I'm sorry to hear that you've encountered an issue with your order being misplaced. Could you please provide me with more details about the order number and any specific instructions or messages you received from the delivery service? This will help me better understand the situation and assist you in resolving it.","I'm sorry to hear that you've encountered an issue with your order being misplaced. Could you please..."
"2025-06-29T02:03:07.777112","Hey there","Hello! How can I assist you today?","Hello! How can I assist you today?"
"2025-06-29T02:03:22.445941","Where's my order?","I'm sorry to hear that you're experiencing an issue with your order. To assist you better, could you please provide me with the details of your order number and any specific issues you've encountered? This will help me understand the problem and provide a more accurate solution.","I'm sorry to hear that you're experiencing an issue with your order. To assist you better, could you..."
"2025-06-29T02:03:52.221912","Please give back my order. I've paid the entire amount","I'm sorry to hear that you have not received your order yet. Could you please provide me with more details about your payment and the status of your order? This will help us better assist you.","I'm sorry to hear that you have not received your order yet. Could you please provide me with more d..."
"2025-06-29T02:10:38.286319","Hi there","Hello! How can I assist you today?","Hello! How can I assist you today?"
"2025-06-29T02:10:46.077493","I've lost my order. Where do I report?","I'm sorry to hear that you have misplaced your order. To assist you better, could you please provide me with the details of the order number and any relevant information about the product or service you received? This will help me guide you through the process of reporting it.","I'm sorry to hear that you have misplaced your order. To assist you better, could you please provide..."
"2025-06-29T02:19:51.839159","Hi there","Hello! How can I assist you today?","Hello! How can I assist you today?"
"2025-06-29T02:22:27.635823","Hey! How can I track my order?","Hello! To track your order, you can follow these steps:

1. Visit the website of the service provider or platform where you placed your order.
2. Look for an option to ""Track Order"" or ""View Order History.""
3. Enter your order number and any other relevant information if required.
4. Check the email address associated with your account for updates on your order status.

If you need further assistance, feel free to ask more specific questions about tracking your order.","Hello! To track your order, you can follow these steps:

1. Visit the website of the service provide..."
"2025-06-29T02:23:30.312523","I forgot to add payment method to the order before clicking on buy now. The site registered the buy and the website crashed. What should I do now?","I'm sorry to hear that you encountered issues with adding a payment method during checkout. Here's what you can try:

1. **Check Your Internet Connection**: Ensure that your internet connection is stable and not causing any delays in processing your transaction.

2. **Retry Checkout Process**: Try logging out of your account and signing back in again. This might resolve any temporary issues with the system.

3. **Contact Support**: If the issue persists, please reach out to our customer service","I'm sorry to hear that you encountered issues with adding a payment method during checkout. Here's w..."
"2025-06-30T23:37:26.249428","Hey there","Hello! How can I assist you today?","Hello! How can I assist you today?"
"2025-06-30T23:37:36.679503","How to advertise effectively on this site?","To effectively advertise on the site, consider these steps:

1. **Understand Your Audience**: Identify who visits the site and what they're looking for. This will help you tailor your advertising efforts.

2. **Set Clear Objectives**: Define what success looks like for your advertising campaign. Whether it's increasing website traffic, boosting engagement rates, or driving sales, make sure your objectives are clear.

3. **Choose the Right Platforms**: Depending on your target audience, choose platforms","To effectively advertise on the site, consider these steps:

1. **Understand Your Audience**: Identi..."
"2025-06-30T23:37:51.706424","Where's my order?","I'm sorry to hear that you're experiencing an issue with your order. To assist you better, could you please provide me with the details of your order number and any specific issues you've encountered? This will help me understand the problem and provide a more accurate solution.","I'm sorry to hear that you're experiencing an issue with your order. To assist you better, could you..."
"2025-07-01T00:11:18.691801","Hey! How can I track my order?","Hello! To track your order, you can visit the website or app where you placed it and look for the ""Order History"" section. Here, you'll find details about your order, including any updates or notifications sent by the company. If you have specific questions or need assistance with tracking, feel free to ask.","Hello! To track your order, you can visit the website or app where you placed it and look for the ""O..."
"2025-07-01T00:29:16.459132","Dear Customer Support Team,\n\nI am writing to report a significant problem with the centralized account management portal, which currently appears to be offline. This outage is blocking access to account settings, leading to substantial inconvenience. I have attempted to log in multiple times using different browsers and devices, but the issue persists.\n\nCould you please provide an update on the outage status and an estimated time for resolution? Also, are there any alternative ways to access and manage my account during this downtime?","Hello! Thank you for reaching out regarding the account management portal outage. We apologize for the inconvenience caused by the technical issues. Our team is working diligently to resolve the issue as soon as possible. To assist you better, could you please share your account details (e.g., username, password)? Additionally, we recommend checking your browser's cache and cookies to see if they might be causing problems. If necessary, we will contact a human agent to discuss further options and provide updates on","Hello! Thank you for reaching out regarding the account management portal outage. We apologize for t..."
